id, img
ad, https://raw.githubusercontent.com/maboglia/country-flags/ba2cf4101bf029d2ada26da2f95121de74581a4d/svg/ad.svg
ae, https://raw.githubusercontent.com/maboglia/country-flags/ba2cf4101bf029d2ada26da2f95121de74581a4d/svg/ae.svg
af, https://raw.githubusercontent.com/maboglia/country-flags/ba2cf4101bf029d2ada26da2f95121de74581a4d/svg/af.svg
ag, https://raw.githubusercontent.com/maboglia/country-flags/ba2cf4101bf029d2ada26da2f95121de74581a4d/svg/ag.svg
ai, https://raw.githubusercontent.com/maboglia/country-flags/ba2cf4101bf029d2ada26da2f95121de74581a4d/svg/ai.svg
al, https://raw.githubusercontent.com/maboglia/country-flags/ba2cf4101bf029d2ada26da2f95121de74581a4d/svg/al.svg
am, https://raw.githubusercontent.com/maboglia/country-flags/ba2cf4101bf029d2ada26da2f95121de74581a4d/svg/am.svg
ao, https://raw.githubusercontent.com/maboglia/country-flags/ba2cf4101bf029d2ada26da2f95121de74581a4d/svg/ao.svg
aq, https://raw.githubusercontent.com/maboglia/country-flags/ba2cf4101bf029d2ada26da2f95121de74581a4d/svg/aq.svg
ar, https://raw.githubusercontent.com/maboglia/country-flags/ba2cf4101bf029d2ada26da2f95121de74581a4d/svg/ar.svg
as, https://raw.githubusercontent.com/maboglia/country-flags/ba2cf4101bf029d2ada26da2f95121de74581a4d/svg/as.svg
at, https://raw.githubusercontent.com/maboglia/country-flags/ba2cf4101bf029d2ada26da2f95121de74581a4d/svg/at.svg
au, https://raw.githubusercontent.com/maboglia/country-flags/ba2cf4101bf029d2ada26da2f95121de74581a4d/svg/au.svg
aw, https://raw.githubusercontent.com/maboglia/country-flags/ba2cf4101bf029d2ada26da2f95121de74581a4d/svg/aw.svg
ax, https://raw.githubusercontent.com/maboglia/country-flags/ba2cf4101bf029d2ada26da2f95121de74581a4d/svg/ax.svg
az, https://raw.githubusercontent.com/maboglia/country-flags/ba2cf4101bf029d2ada26da2f95121de74581a4d/svg/az.svg
ba, https://raw.githubusercontent.com/maboglia/country-flags/ba2cf4101bf029d2ada26da2f95121de74581a4d/svg/ba.svg
bb, https://raw.githubusercontent.com/maboglia/country-flags/ba2cf4101bf029d2ada26da2f95121de74581a4d/svg/bb.svg
bd, https://raw.githubusercontent.com/maboglia/country-flags/ba2cf4101bf029d2ada26da2f95121de74581a4d/svg/bd.svg
be, https://raw.githubusercontent.com/maboglia/country-flags/ba2cf4101bf029d2ada26da2f95121de74581a4d/svg/be.svg
bf, https://raw.githubusercontent.com/maboglia/country-flags/ba2cf4101bf029d2ada26da2f95121de74581a4d/svg/bf.svg
bg, https://raw.githubusercontent.com/maboglia/country-flags/ba2cf4101bf029d2ada26da2f95121de74581a4d/svg/bg.svg
bh, https://raw.githubusercontent.com/maboglia/country-flags/ba2cf4101bf029d2ada26da2f95121de74581a4d/svg/bh.svg
bi, https://raw.githubusercontent.com/maboglia/country-flags/ba2cf4101bf029d2ada26da2f95121de74581a4d/svg/bi.svg
bj, https://raw.githubusercontent.com/maboglia/country-flags/ba2cf4101bf029d2ada26da2f95121de74581a4d/svg/bj.svg
bl, https://raw.githubusercontent.com/maboglia/country-flags/ba2cf4101bf029d2ada26da2f95121de74581a4d/svg/bl.svg
bm, https://raw.githubusercontent.com/maboglia/country-flags/ba2cf4101bf029d2ada26da2f95121de74581a4d/svg/bm.svg
bn, https://raw.githubusercontent.com/maboglia/country-flags/ba2cf4101bf029d2ada26da2f95121de74581a4d/svg/bn.svg
bo, https://raw.githubusercontent.com/maboglia/country-flags/ba2cf4101bf029d2ada26da2f95121de74581a4d/svg/bo.svg
bq, https://raw.githubusercontent.com/maboglia/country-flags/ba2cf4101bf029d2ada26da2f95121de74581a4d/svg/bq.svg
br, https://raw.githubusercontent.com/maboglia/country-flags/ba2cf4101bf029d2ada26da2f95121de74581a4d/svg/br.svg
bs, https://raw.githubusercontent.com/maboglia/country-flags/ba2cf4101bf029d2ada26da2f95121de74581a4d/svg/bs.svg
bt, https://raw.githubusercontent.com/maboglia/country-flags/ba2cf4101bf029d2ada26da2f95121de74581a4d/svg/bt.svg
bv, https://raw.githubusercontent.com/maboglia/country-flags/ba2cf4101bf029d2ada26da2f95121de74581a4d/svg/bv.svg
bw, https://raw.githubusercontent.com/maboglia/country-flags/ba2cf4101bf029d2ada26da2f95121de74581a4d/svg/bw.svg
by, https://raw.githubusercontent.com/maboglia/country-flags/ba2cf4101bf029d2ada26da2f95121de74581a4d/svg/by.svg
bz, https://raw.githubusercontent.com/maboglia/country-flags/ba2cf4101bf029d2ada26da2f95121de74581a4d/svg/bz.svg
ca, https://raw.githubusercontent.com/maboglia/country-flags/ba2cf4101bf029d2ada26da2f95121de74581a4d/svg/ca.svg
cc, https://raw.githubusercontent.com/maboglia/country-flags/ba2cf4101bf029d2ada26da2f95121de74581a4d/svg/cc.svg
cd, https://raw.githubusercontent.com/maboglia/country-flags/ba2cf4101bf029d2ada26da2f95121de74581a4d/svg/cd.svg
cf, https://raw.githubusercontent.com/maboglia/country-flags/ba2cf4101bf029d2ada26da2f95121de74581a4d/svg/cf.svg
cg, https://raw.githubusercontent.com/maboglia/country-flags/ba2cf4101bf029d2ada26da2f95121de74581a4d/svg/cg.svg
ch, https://raw.githubusercontent.com/maboglia/country-flags/ba2cf4101bf029d2ada26da2f95121de74581a4d/svg/ch.svg
ci, https://raw.githubusercontent.com/maboglia/country-flags/ba2cf4101bf029d2ada26da2f95121de74581a4d/svg/ci.svg
ck, https://raw.githubusercontent.com/maboglia/country-flags/ba2cf4101bf029d2ada26da2f95121de74581a4d/svg/ck.svg
cl, https://raw.githubusercontent.com/maboglia/country-flags/ba2cf4101bf029d2ada26da2f95121de74581a4d/svg/cl.svg
cm, https://raw.githubusercontent.com/maboglia/country-flags/ba2cf4101bf029d2ada26da2f95121de74581a4d/svg/cm.svg
cn, https://raw.githubusercontent.com/maboglia/country-flags/ba2cf4101bf029d2ada26da2f95121de74581a4d/svg/cn.svg
co, https://raw.githubusercontent.com/maboglia/country-flags/ba2cf4101bf029d2ada26da2f95121de74581a4d/svg/co.svg
cr, https://raw.githubusercontent.com/maboglia/country-flags/ba2cf4101bf029d2ada26da2f95121de74581a4d/svg/cr.svg
cu, https://raw.githubusercontent.com/maboglia/country-flags/ba2cf4101bf029d2ada26da2f95121de74581a4d/svg/cu.svg
cv, https://raw.githubusercontent.com/maboglia/country-flags/ba2cf4101bf029d2ada26da2f95121de74581a4d/svg/cv.svg
cw, https://raw.githubusercontent.com/maboglia/country-flags/ba2cf4101bf029d2ada26da2f95121de74581a4d/svg/cw.svg
cx, https://raw.githubusercontent.com/maboglia/country-flags/ba2cf4101bf029d2ada26da2f95121de74581a4d/svg/cx.svg
cy, https://raw.githubusercontent.com/maboglia/country-flags/ba2cf4101bf029d2ada26da2f95121de74581a4d/svg/cy.svg
cz, https://raw.githubusercontent.com/maboglia/country-flags/ba2cf4101bf029d2ada26da2f95121de74581a4d/svg/cz.svg
de, https://raw.githubusercontent.com/maboglia/country-flags/ba2cf4101bf029d2ada26da2f95121de74581a4d/svg/de.svg
dj, https://raw.githubusercontent.com/maboglia/country-flags/ba2cf4101bf029d2ada26da2f95121de74581a4d/svg/dj.svg
dk, https://raw.githubusercontent.com/maboglia/country-flags/ba2cf4101bf029d2ada26da2f95121de74581a4d/svg/dk.svg
dm, https://raw.githubusercontent.com/maboglia/country-flags/ba2cf4101bf029d2ada26da2f95121de74581a4d/svg/dm.svg
do, https://raw.githubusercontent.com/maboglia/country-flags/ba2cf4101bf029d2ada26da2f95121de74581a4d/svg/do.svg
dz, https://raw.githubusercontent.com/maboglia/country-flags/ba2cf4101bf029d2ada26da2f95121de74581a4d/svg/dz.svg
ec, https://raw.githubusercontent.com/maboglia/country-flags/ba2cf4101bf029d2ada26da2f95121de74581a4d/svg/ec.svg
ee, https://raw.githubusercontent.com/maboglia/country-flags/ba2cf4101bf029d2ada26da2f95121de74581a4d/svg/ee.svg
eg, https://raw.githubusercontent.com/maboglia/country-flags/ba2cf4101bf029d2ada26da2f95121de74581a4d/svg/eg.svg
eh, https://raw.githubusercontent.com/maboglia/country-flags/ba2cf4101bf029d2ada26da2f95121de74581a4d/svg/eh.svg
er, https://raw.githubusercontent.com/maboglia/country-flags/ba2cf4101bf029d2ada26da2f95121de74581a4d/svg/er.svg
es, https://raw.githubusercontent.com/maboglia/country-flags/ba2cf4101bf029d2ada26da2f95121de74581a4d/svg/es.svg
et, https://raw.githubusercontent.com/maboglia/country-flags/ba2cf4101bf029d2ada26da2f95121de74581a4d/svg/et.svg
eu, https://raw.githubusercontent.com/maboglia/country-flags/ba2cf4101bf029d2ada26da2f95121de74581a4d/svg/eu.svg
fi, https://raw.githubusercontent.com/maboglia/country-flags/ba2cf4101bf029d2ada26da2f95121de74581a4d/svg/fi.svg
fj, https://raw.githubusercontent.com/maboglia/country-flags/ba2cf4101bf029d2ada26da2f95121de74581a4d/svg/fj.svg
fk, https://raw.githubusercontent.com/maboglia/country-flags/ba2cf4101bf029d2ada26da2f95121de74581a4d/svg/fk.svg
fm, https://raw.githubusercontent.com/maboglia/country-flags/ba2cf4101bf029d2ada26da2f95121de74581a4d/svg/fm.svg
fo, https://raw.githubusercontent.com/maboglia/country-flags/ba2cf4101bf029d2ada26da2f95121de74581a4d/svg/fo.svg
fr, https://raw.githubusercontent.com/maboglia/country-flags/ba2cf4101bf029d2ada26da2f95121de74581a4d/svg/fr.svg
ga, https://raw.githubusercontent.com/maboglia/country-flags/ba2cf4101bf029d2ada26da2f95121de74581a4d/svg/ga.svg
gb, https://raw.githubusercontent.com/maboglia/country-flags/ba2cf4101bf029d2ada26da2f95121de74581a4d/svg/gb.svg
gb, https://raw.githubusercontent.com/maboglia/country-flags/ba2cf4101bf029d2ada26da2f95121de74581a4d/svg/gb.svg
gb, https://raw.githubusercontent.com/maboglia/country-flags/ba2cf4101bf029d2ada26da2f95121de74581a4d/svg/gb.svg
gb, https://raw.githubusercontent.com/maboglia/country-flags/ba2cf4101bf029d2ada26da2f95121de74581a4d/svg/gb.svg
gb, https://raw.githubusercontent.com/maboglia/country-flags/ba2cf4101bf029d2ada26da2f95121de74581a4d/svg/gb.svg
gd, https://raw.githubusercontent.com/maboglia/country-flags/ba2cf4101bf029d2ada26da2f95121de74581a4d/svg/gd.svg
ge, https://raw.githubusercontent.com/maboglia/country-flags/ba2cf4101bf029d2ada26da2f95121de74581a4d/svg/ge.svg
gf, https://raw.githubusercontent.com/maboglia/country-flags/ba2cf4101bf029d2ada26da2f95121de74581a4d/svg/gf.svg
gg, https://raw.githubusercontent.com/maboglia/country-flags/ba2cf4101bf029d2ada26da2f95121de74581a4d/svg/gg.svg
gh, https://raw.githubusercontent.com/maboglia/country-flags/ba2cf4101bf029d2ada26da2f95121de74581a4d/svg/gh.svg
gi, https://raw.githubusercontent.com/maboglia/country-flags/ba2cf4101bf029d2ada26da2f95121de74581a4d/svg/gi.svg
gl, https://raw.githubusercontent.com/maboglia/country-flags/ba2cf4101bf029d2ada26da2f95121de74581a4d/svg/gl.svg
gm, https://raw.githubusercontent.com/maboglia/country-flags/ba2cf4101bf029d2ada26da2f95121de74581a4d/svg/gm.svg
gn, https://raw.githubusercontent.com/maboglia/country-flags/ba2cf4101bf029d2ada26da2f95121de74581a4d/svg/gn.svg
gp, https://raw.githubusercontent.com/maboglia/country-flags/ba2cf4101bf029d2ada26da2f95121de74581a4d/svg/gp.svg
gq, https://raw.githubusercontent.com/maboglia/country-flags/ba2cf4101bf029d2ada26da2f95121de74581a4d/svg/gq.svg
gr, https://raw.githubusercontent.com/maboglia/country-flags/ba2cf4101bf029d2ada26da2f95121de74581a4d/svg/gr.svg
gs, https://raw.githubusercontent.com/maboglia/country-flags/ba2cf4101bf029d2ada26da2f95121de74581a4d/svg/gs.svg
gt, https://raw.githubusercontent.com/maboglia/country-flags/ba2cf4101bf029d2ada26da2f95121de74581a4d/svg/gt.svg
gu, https://raw.githubusercontent.com/maboglia/country-flags/ba2cf4101bf029d2ada26da2f95121de74581a4d/svg/gu.svg
gw, https://raw.githubusercontent.com/maboglia/country-flags/ba2cf4101bf029d2ada26da2f95121de74581a4d/svg/gw.svg
gy, https://raw.githubusercontent.com/maboglia/country-flags/ba2cf4101bf029d2ada26da2f95121de74581a4d/svg/gy.svg
hk, https://raw.githubusercontent.com/maboglia/country-flags/ba2cf4101bf029d2ada26da2f95121de74581a4d/svg/hk.svg
hm, https://raw.githubusercontent.com/maboglia/country-flags/ba2cf4101bf029d2ada26da2f95121de74581a4d/svg/hm.svg
hn, https://raw.githubusercontent.com/maboglia/country-flags/ba2cf4101bf029d2ada26da2f95121de74581a4d/svg/hn.svg
hr, https://raw.githubusercontent.com/maboglia/country-flags/ba2cf4101bf029d2ada26da2f95121de74581a4d/svg/hr.svg
ht, https://raw.githubusercontent.com/maboglia/country-flags/ba2cf4101bf029d2ada26da2f95121de74581a4d/svg/ht.svg
hu, https://raw.githubusercontent.com/maboglia/country-flags/ba2cf4101bf029d2ada26da2f95121de74581a4d/svg/hu.svg
id, https://raw.githubusercontent.com/maboglia/country-flags/ba2cf4101bf029d2ada26da2f95121de74581a4d/svg/id.svg
ie, https://raw.githubusercontent.com/maboglia/country-flags/ba2cf4101bf029d2ada26da2f95121de74581a4d/svg/ie.svg
il, https://raw.githubusercontent.com/maboglia/country-flags/ba2cf4101bf029d2ada26da2f95121de74581a4d/svg/il.svg
im, https://raw.githubusercontent.com/maboglia/country-flags/ba2cf4101bf029d2ada26da2f95121de74581a4d/svg/im.svg
in, https://raw.githubusercontent.com/maboglia/country-flags/ba2cf4101bf029d2ada26da2f95121de74581a4d/svg/in.svg
io, https://raw.githubusercontent.com/maboglia/country-flags/ba2cf4101bf029d2ada26da2f95121de74581a4d/svg/io.svg
iq, https://raw.githubusercontent.com/maboglia/country-flags/ba2cf4101bf029d2ada26da2f95121de74581a4d/svg/iq.svg
ir, https://raw.githubusercontent.com/maboglia/country-flags/ba2cf4101bf029d2ada26da2f95121de74581a4d/svg/ir.svg
is, https://raw.githubusercontent.com/maboglia/country-flags/ba2cf4101bf029d2ada26da2f95121de74581a4d/svg/is.svg
it, https://raw.githubusercontent.com/maboglia/country-flags/ba2cf4101bf029d2ada26da2f95121de74581a4d/svg/it.svg
je, https://raw.githubusercontent.com/maboglia/country-flags/ba2cf4101bf029d2ada26da2f95121de74581a4d/svg/je.svg
jm, https://raw.githubusercontent.com/maboglia/country-flags/ba2cf4101bf029d2ada26da2f95121de74581a4d/svg/jm.svg
jo, https://raw.githubusercontent.com/maboglia/country-flags/ba2cf4101bf029d2ada26da2f95121de74581a4d/svg/jo.svg
jp, https://raw.githubusercontent.com/maboglia/country-flags/ba2cf4101bf029d2ada26da2f95121de74581a4d/svg/jp.svg
ke, https://raw.githubusercontent.com/maboglia/country-flags/ba2cf4101bf029d2ada26da2f95121de74581a4d/svg/ke.svg
kg, https://raw.githubusercontent.com/maboglia/country-flags/ba2cf4101bf029d2ada26da2f95121de74581a4d/svg/kg.svg
kh, https://raw.githubusercontent.com/maboglia/country-flags/ba2cf4101bf029d2ada26da2f95121de74581a4d/svg/kh.svg
ki, https://raw.githubusercontent.com/maboglia/country-flags/ba2cf4101bf029d2ada26da2f95121de74581a4d/svg/ki.svg
km, https://raw.githubusercontent.com/maboglia/country-flags/ba2cf4101bf029d2ada26da2f95121de74581a4d/svg/km.svg
kn, https://raw.githubusercontent.com/maboglia/country-flags/ba2cf4101bf029d2ada26da2f95121de74581a4d/svg/kn.svg
kp, https://raw.githubusercontent.com/maboglia/country-flags/ba2cf4101bf029d2ada26da2f95121de74581a4d/svg/kp.svg
kr, https://raw.githubusercontent.com/maboglia/country-flags/ba2cf4101bf029d2ada26da2f95121de74581a4d/svg/kr.svg
kw, https://raw.githubusercontent.com/maboglia/country-flags/ba2cf4101bf029d2ada26da2f95121de74581a4d/svg/kw.svg
ky, https://raw.githubusercontent.com/maboglia/country-flags/ba2cf4101bf029d2ada26da2f95121de74581a4d/svg/ky.svg
kz, https://raw.githubusercontent.com/maboglia/country-flags/ba2cf4101bf029d2ada26da2f95121de74581a4d/svg/kz.svg
la, https://raw.githubusercontent.com/maboglia/country-flags/ba2cf4101bf029d2ada26da2f95121de74581a4d/svg/la.svg
lb, https://raw.githubusercontent.com/maboglia/country-flags/ba2cf4101bf029d2ada26da2f95121de74581a4d/svg/lb.svg
lc, https://raw.githubusercontent.com/maboglia/country-flags/ba2cf4101bf029d2ada26da2f95121de74581a4d/svg/lc.svg
li, https://raw.githubusercontent.com/maboglia/country-flags/ba2cf4101bf029d2ada26da2f95121de74581a4d/svg/li.svg
lk, https://raw.githubusercontent.com/maboglia/country-flags/ba2cf4101bf029d2ada26da2f95121de74581a4d/svg/lk.svg
lr, https://raw.githubusercontent.com/maboglia/country-flags/ba2cf4101bf029d2ada26da2f95121de74581a4d/svg/lr.svg
ls, https://raw.githubusercontent.com/maboglia/country-flags/ba2cf4101bf029d2ada26da2f95121de74581a4d/svg/ls.svg
lt, https://raw.githubusercontent.com/maboglia/country-flags/ba2cf4101bf029d2ada26da2f95121de74581a4d/svg/lt.svg
lu, https://raw.githubusercontent.com/maboglia/country-flags/ba2cf4101bf029d2ada26da2f95121de74581a4d/svg/lu.svg
lv, https://raw.githubusercontent.com/maboglia/country-flags/ba2cf4101bf029d2ada26da2f95121de74581a4d/svg/lv.svg
ly, https://raw.githubusercontent.com/maboglia/country-flags/ba2cf4101bf029d2ada26da2f95121de74581a4d/svg/ly.svg
ma, https://raw.githubusercontent.com/maboglia/country-flags/ba2cf4101bf029d2ada26da2f95121de74581a4d/svg/ma.svg
mc, https://raw.githubusercontent.com/maboglia/country-flags/ba2cf4101bf029d2ada26da2f95121de74581a4d/svg/mc.svg
md, https://raw.githubusercontent.com/maboglia/country-flags/ba2cf4101bf029d2ada26da2f95121de74581a4d/svg/md.svg
me, https://raw.githubusercontent.com/maboglia/country-flags/ba2cf4101bf029d2ada26da2f95121de74581a4d/svg/me.svg
mf, https://raw.githubusercontent.com/maboglia/country-flags/ba2cf4101bf029d2ada26da2f95121de74581a4d/svg/mf.svg
mg, https://raw.githubusercontent.com/maboglia/country-flags/ba2cf4101bf029d2ada26da2f95121de74581a4d/svg/mg.svg
mh, https://raw.githubusercontent.com/maboglia/country-flags/ba2cf4101bf029d2ada26da2f95121de74581a4d/svg/mh.svg
mk, https://raw.githubusercontent.com/maboglia/country-flags/ba2cf4101bf029d2ada26da2f95121de74581a4d/svg/mk.svg
ml, https://raw.githubusercontent.com/maboglia/country-flags/ba2cf4101bf029d2ada26da2f95121de74581a4d/svg/ml.svg
mm, https://raw.githubusercontent.com/maboglia/country-flags/ba2cf4101bf029d2ada26da2f95121de74581a4d/svg/mm.svg
mn, https://raw.githubusercontent.com/maboglia/country-flags/ba2cf4101bf029d2ada26da2f95121de74581a4d/svg/mn.svg
mo, https://raw.githubusercontent.com/maboglia/country-flags/ba2cf4101bf029d2ada26da2f95121de74581a4d/svg/mo.svg
mp, https://raw.githubusercontent.com/maboglia/country-flags/ba2cf4101bf029d2ada26da2f95121de74581a4d/svg/mp.svg
mq, https://raw.githubusercontent.com/maboglia/country-flags/ba2cf4101bf029d2ada26da2f95121de74581a4d/svg/mq.svg
mr, https://raw.githubusercontent.com/maboglia/country-flags/ba2cf4101bf029d2ada26da2f95121de74581a4d/svg/mr.svg
ms, https://raw.githubusercontent.com/maboglia/country-flags/ba2cf4101bf029d2ada26da2f95121de74581a4d/svg/ms.svg
mt, https://raw.githubusercontent.com/maboglia/country-flags/ba2cf4101bf029d2ada26da2f95121de74581a4d/svg/mt.svg
mu, https://raw.githubusercontent.com/maboglia/country-flags/ba2cf4101bf029d2ada26da2f95121de74581a4d/svg/mu.svg
mv, https://raw.githubusercontent.com/maboglia/country-flags/ba2cf4101bf029d2ada26da2f95121de74581a4d/svg/mv.svg
mw, https://raw.githubusercontent.com/maboglia/country-flags/ba2cf4101bf029d2ada26da2f95121de74581a4d/svg/mw.svg
mx, https://raw.githubusercontent.com/maboglia/country-flags/ba2cf4101bf029d2ada26da2f95121de74581a4d/svg/mx.svg
my, https://raw.githubusercontent.com/maboglia/country-flags/ba2cf4101bf029d2ada26da2f95121de74581a4d/svg/my.svg
mz, https://raw.githubusercontent.com/maboglia/country-flags/ba2cf4101bf029d2ada26da2f95121de74581a4d/svg/mz.svg
na, https://raw.githubusercontent.com/maboglia/country-flags/ba2cf4101bf029d2ada26da2f95121de74581a4d/svg/na.svg
nc, https://raw.githubusercontent.com/maboglia/country-flags/ba2cf4101bf029d2ada26da2f95121de74581a4d/svg/nc.svg
ne, https://raw.githubusercontent.com/maboglia/country-flags/ba2cf4101bf029d2ada26da2f95121de74581a4d/svg/ne.svg
nf, https://raw.githubusercontent.com/maboglia/country-flags/ba2cf4101bf029d2ada26da2f95121de74581a4d/svg/nf.svg
ng, https://raw.githubusercontent.com/maboglia/country-flags/ba2cf4101bf029d2ada26da2f95121de74581a4d/svg/ng.svg
ni, https://raw.githubusercontent.com/maboglia/country-flags/ba2cf4101bf029d2ada26da2f95121de74581a4d/svg/ni.svg
nl, https://raw.githubusercontent.com/maboglia/country-flags/ba2cf4101bf029d2ada26da2f95121de74581a4d/svg/nl.svg
no, https://raw.githubusercontent.com/maboglia/country-flags/ba2cf4101bf029d2ada26da2f95121de74581a4d/svg/no.svg
np, https://raw.githubusercontent.com/maboglia/country-flags/ba2cf4101bf029d2ada26da2f95121de74581a4d/svg/np.svg
nr, https://raw.githubusercontent.com/maboglia/country-flags/ba2cf4101bf029d2ada26da2f95121de74581a4d/svg/nr.svg
nu, https://raw.githubusercontent.com/maboglia/country-flags/ba2cf4101bf029d2ada26da2f95121de74581a4d/svg/nu.svg
nz, https://raw.githubusercontent.com/maboglia/country-flags/ba2cf4101bf029d2ada26da2f95121de74581a4d/svg/nz.svg
om, https://raw.githubusercontent.com/maboglia/country-flags/ba2cf4101bf029d2ada26da2f95121de74581a4d/svg/om.svg
pa, https://raw.githubusercontent.com/maboglia/country-flags/ba2cf4101bf029d2ada26da2f95121de74581a4d/svg/pa.svg
pe, https://raw.githubusercontent.com/maboglia/country-flags/ba2cf4101bf029d2ada26da2f95121de74581a4d/svg/pe.svg
pf, https://raw.githubusercontent.com/maboglia/country-flags/ba2cf4101bf029d2ada26da2f95121de74581a4d/svg/pf.svg
pg, https://raw.githubusercontent.com/maboglia/country-flags/ba2cf4101bf029d2ada26da2f95121de74581a4d/svg/pg.svg
ph, https://raw.githubusercontent.com/maboglia/country-flags/ba2cf4101bf029d2ada26da2f95121de74581a4d/svg/ph.svg
pk, https://raw.githubusercontent.com/maboglia/country-flags/ba2cf4101bf029d2ada26da2f95121de74581a4d/svg/pk.svg
pl, https://raw.githubusercontent.com/maboglia/country-flags/ba2cf4101bf029d2ada26da2f95121de74581a4d/svg/pl.svg
pm, https://raw.githubusercontent.com/maboglia/country-flags/ba2cf4101bf029d2ada26da2f95121de74581a4d/svg/pm.svg
pn, https://raw.githubusercontent.com/maboglia/country-flags/ba2cf4101bf029d2ada26da2f95121de74581a4d/svg/pn.svg
pr, https://raw.githubusercontent.com/maboglia/country-flags/ba2cf4101bf029d2ada26da2f95121de74581a4d/svg/pr.svg
ps, https://raw.githubusercontent.com/maboglia/country-flags/ba2cf4101bf029d2ada26da2f95121de74581a4d/svg/ps.svg
pt, https://raw.githubusercontent.com/maboglia/country-flags/ba2cf4101bf029d2ada26da2f95121de74581a4d/svg/pt.svg
pw, https://raw.githubusercontent.com/maboglia/country-flags/ba2cf4101bf029d2ada26da2f95121de74581a4d/svg/pw.svg
py, https://raw.githubusercontent.com/maboglia/country-flags/ba2cf4101bf029d2ada26da2f95121de74581a4d/svg/py.svg
qa, https://raw.githubusercontent.com/maboglia/country-flags/ba2cf4101bf029d2ada26da2f95121de74581a4d/svg/qa.svg
re, https://raw.githubusercontent.com/maboglia/country-flags/ba2cf4101bf029d2ada26da2f95121de74581a4d/svg/re.svg
ro, https://raw.githubusercontent.com/maboglia/country-flags/ba2cf4101bf029d2ada26da2f95121de74581a4d/svg/ro.svg
rs, https://raw.githubusercontent.com/maboglia/country-flags/ba2cf4101bf029d2ada26da2f95121de74581a4d/svg/rs.svg
ru, https://raw.githubusercontent.com/maboglia/country-flags/ba2cf4101bf029d2ada26da2f95121de74581a4d/svg/ru.svg
rw, https://raw.githubusercontent.com/maboglia/country-flags/ba2cf4101bf029d2ada26da2f95121de74581a4d/svg/rw.svg
sa, https://raw.githubusercontent.com/maboglia/country-flags/ba2cf4101bf029d2ada26da2f95121de74581a4d/svg/sa.svg
sb, https://raw.githubusercontent.com/maboglia/country-flags/ba2cf4101bf029d2ada26da2f95121de74581a4d/svg/sb.svg
sc, https://raw.githubusercontent.com/maboglia/country-flags/ba2cf4101bf029d2ada26da2f95121de74581a4d/svg/sc.svg
sd, https://raw.githubusercontent.com/maboglia/country-flags/ba2cf4101bf029d2ada26da2f95121de74581a4d/svg/sd.svg
se, https://raw.githubusercontent.com/maboglia/country-flags/ba2cf4101bf029d2ada26da2f95121de74581a4d/svg/se.svg
sg, https://raw.githubusercontent.com/maboglia/country-flags/ba2cf4101bf029d2ada26da2f95121de74581a4d/svg/sg.svg
sh, https://raw.githubusercontent.com/maboglia/country-flags/ba2cf4101bf029d2ada26da2f95121de74581a4d/svg/sh.svg
si, https://raw.githubusercontent.com/maboglia/country-flags/ba2cf4101bf029d2ada26da2f95121de74581a4d/svg/si.svg
sj, https://raw.githubusercontent.com/maboglia/country-flags/ba2cf4101bf029d2ada26da2f95121de74581a4d/svg/sj.svg
sk, https://raw.githubusercontent.com/maboglia/country-flags/ba2cf4101bf029d2ada26da2f95121de74581a4d/svg/sk.svg
sl, https://raw.githubusercontent.com/maboglia/country-flags/ba2cf4101bf029d2ada26da2f95121de74581a4d/svg/sl.svg
sm, https://raw.githubusercontent.com/maboglia/country-flags/ba2cf4101bf029d2ada26da2f95121de74581a4d/svg/sm.svg
sn, https://raw.githubusercontent.com/maboglia/country-flags/ba2cf4101bf029d2ada26da2f95121de74581a4d/svg/sn.svg
so, https://raw.githubusercontent.com/maboglia/country-flags/ba2cf4101bf029d2ada26da2f95121de74581a4d/svg/so.svg
sr, https://raw.githubusercontent.com/maboglia/country-flags/ba2cf4101bf029d2ada26da2f95121de74581a4d/svg/sr.svg
ss, https://raw.githubusercontent.com/maboglia/country-flags/ba2cf4101bf029d2ada26da2f95121de74581a4d/svg/ss.svg
st, https://raw.githubusercontent.com/maboglia/country-flags/ba2cf4101bf029d2ada26da2f95121de74581a4d/svg/st.svg
sv, https://raw.githubusercontent.com/maboglia/country-flags/ba2cf4101bf029d2ada26da2f95121de74581a4d/svg/sv.svg
sx, https://raw.githubusercontent.com/maboglia/country-flags/ba2cf4101bf029d2ada26da2f95121de74581a4d/svg/sx.svg
sy, https://raw.githubusercontent.com/maboglia/country-flags/ba2cf4101bf029d2ada26da2f95121de74581a4d/svg/sy.svg
sz, https://raw.githubusercontent.com/maboglia/country-flags/ba2cf4101bf029d2ada26da2f95121de74581a4d/svg/sz.svg
tc, https://raw.githubusercontent.com/maboglia/country-flags/ba2cf4101bf029d2ada26da2f95121de74581a4d/svg/tc.svg
td, https://raw.githubusercontent.com/maboglia/country-flags/ba2cf4101bf029d2ada26da2f95121de74581a4d/svg/td.svg
tf, https://raw.githubusercontent.com/maboglia/country-flags/ba2cf4101bf029d2ada26da2f95121de74581a4d/svg/tf.svg
tg, https://raw.githubusercontent.com/maboglia/country-flags/ba2cf4101bf029d2ada26da2f95121de74581a4d/svg/tg.svg
th, https://raw.githubusercontent.com/maboglia/country-flags/ba2cf4101bf029d2ada26da2f95121de74581a4d/svg/th.svg
tj, https://raw.githubusercontent.com/maboglia/country-flags/ba2cf4101bf029d2ada26da2f95121de74581a4d/svg/tj.svg
tk, https://raw.githubusercontent.com/maboglia/country-flags/ba2cf4101bf029d2ada26da2f95121de74581a4d/svg/tk.svg
tl, https://raw.githubusercontent.com/maboglia/country-flags/ba2cf4101bf029d2ada26da2f95121de74581a4d/svg/tl.svg
tm, https://raw.githubusercontent.com/maboglia/country-flags/ba2cf4101bf029d2ada26da2f95121de74581a4d/svg/tm.svg
tn, https://raw.githubusercontent.com/maboglia/country-flags/ba2cf4101bf029d2ada26da2f95121de74581a4d/svg/tn.svg
to, https://raw.githubusercontent.com/maboglia/country-flags/ba2cf4101bf029d2ada26da2f95121de74581a4d/svg/to.svg
tr, https://raw.githubusercontent.com/maboglia/country-flags/ba2cf4101bf029d2ada26da2f95121de74581a4d/svg/tr.svg
tt, https://raw.githubusercontent.com/maboglia/country-flags/ba2cf4101bf029d2ada26da2f95121de74581a4d/svg/tt.svg
tv, https://raw.githubusercontent.com/maboglia/country-flags/ba2cf4101bf029d2ada26da2f95121de74581a4d/svg/tv.svg
tw, https://raw.githubusercontent.com/maboglia/country-flags/ba2cf4101bf029d2ada26da2f95121de74581a4d/svg/tw.svg
tz, https://raw.githubusercontent.com/maboglia/country-flags/ba2cf4101bf029d2ada26da2f95121de74581a4d/svg/tz.svg
ua, https://raw.githubusercontent.com/maboglia/country-flags/ba2cf4101bf029d2ada26da2f95121de74581a4d/svg/ua.svg
ug, https://raw.githubusercontent.com/maboglia/country-flags/ba2cf4101bf029d2ada26da2f95121de74581a4d/svg/ug.svg
um, https://raw.githubusercontent.com/maboglia/country-flags/ba2cf4101bf029d2ada26da2f95121de74581a4d/svg/um.svg
us, https://raw.githubusercontent.com/maboglia/country-flags/ba2cf4101bf029d2ada26da2f95121de74581a4d/svg/us.svg
uy, https://raw.githubusercontent.com/maboglia/country-flags/ba2cf4101bf029d2ada26da2f95121de74581a4d/svg/uy.svg
uz, https://raw.githubusercontent.com/maboglia/country-flags/ba2cf4101bf029d2ada26da2f95121de74581a4d/svg/uz.svg
va, https://raw.githubusercontent.com/maboglia/country-flags/ba2cf4101bf029d2ada26da2f95121de74581a4d/svg/va.svg
vc, https://raw.githubusercontent.com/maboglia/country-flags/ba2cf4101bf029d2ada26da2f95121de74581a4d/svg/vc.svg
ve, https://raw.githubusercontent.com/maboglia/country-flags/ba2cf4101bf029d2ada26da2f95121de74581a4d/svg/ve.svg
vg, https://raw.githubusercontent.com/maboglia/country-flags/ba2cf4101bf029d2ada26da2f95121de74581a4d/svg/vg.svg
vi, https://raw.githubusercontent.com/maboglia/country-flags/ba2cf4101bf029d2ada26da2f95121de74581a4d/svg/vi.svg
vn, https://raw.githubusercontent.com/maboglia/country-flags/ba2cf4101bf029d2ada26da2f95121de74581a4d/svg/vn.svg
vu, https://raw.githubusercontent.com/maboglia/country-flags/ba2cf4101bf029d2ada26da2f95121de74581a4d/svg/vu.svg
wf, https://raw.githubusercontent.com/maboglia/country-flags/ba2cf4101bf029d2ada26da2f95121de74581a4d/svg/wf.svg
ws, https://raw.githubusercontent.com/maboglia/country-flags/ba2cf4101bf029d2ada26da2f95121de74581a4d/svg/ws.svg
xk, https://raw.githubusercontent.com/maboglia/country-flags/ba2cf4101bf029d2ada26da2f95121de74581a4d/svg/xk.svg
ye, https://raw.githubusercontent.com/maboglia/country-flags/ba2cf4101bf029d2ada26da2f95121de74581a4d/svg/ye.svg
yt, https://raw.githubusercontent.com/maboglia/country-flags/ba2cf4101bf029d2ada26da2f95121de74581a4d/svg/yt.svg
za, https://raw.githubusercontent.com/maboglia/country-flags/ba2cf4101bf029d2ada26da2f95121de74581a4d/svg/za.svg
zm, https://raw.githubusercontent.com/maboglia/country-flags/ba2cf4101bf029d2ada26da2f95121de74581a4d/svg/zm.svg
zw, https://raw.githubusercontent.com/maboglia/country-flags/ba2cf4101bf029d2ada26da2f95121de74581a4d/svg/zw.svg